id,first_name,last_name,score
1,Zula,Stropes,65
2,Honey,Pegelow,91
3,Daniele,Foshee,88
4,Lorna,Susong,99
5,Ai,Brownsberger,72
6,Marcelle,Emfinger,64
7,Madelyn,Bradshaw,79
8,Deedra,Mouritsen,88
9,Ivy,Winnike,84
10,Cruz,Veksler,62
11,Lakeshia,Dowland,65
12,Mauro,Swick,83
13,Joslyn,Kennon,55
14,Brooke,Paganini,61
15,Sharonda,Pachlin,79
16,Kia,Mitsuda,71
17,Gricelda,Bushie,54
18,Jeanelle,Berrell,94
19,Stephani,Dewitz,88
20,Daryl,Ranieri,44
21,Peg,Ostorga,74
22,Birdie,Timmerman,93
23,Rosena,Patriarco,93
24,Corine,Luft,86
25,Temika,Malikowski,88
26,Hilario,Marini,85
27,Roxann,Mutone,66
28,Jayne,Estabrooks,75
29,Apolonia,Neve,44
30,Pete,Egler,92
31,Alejandro,Lyalls,75
32,Francina,Azore,96
33,Antionette,Beliles,84
34,Naida,Florez,96
35,Leila,Wadusky,72
36,Viviana,Angle,68
37,Doug,Turbes,87
38,Woodrow,Spingola,56
39,Ingrid,Palmerino,78
40,Antony,Faulk,66
41,Sharon,Mcinturf,61
42,Ilana,Vittetoe,54
43,Marya,Kearns,91
44,Debrah,Munno,87
45,Nadene,Csizmadia,64
46,Clifton,Jurczyk,40
47,Danika,Millien,100
48,Luci,Varela,66
49,Robbyn,Trexel,96
50,Lakita,Gerrity,77
51,Classie,Dedic,41
52,Max,Sievers,89
53,Melaine,Souers,47
54,Contessa,Kettman,69
55,Lavenia,Heyen,42
56,Gene,Wichterman,94
57,Roxie,Liddicoat,52
58,Nova,Vanhoy,70
59,Tim,Billafuerte,76
60,Jasmin,Bostelman,88
61,Joaquina,Granzin,63
62,Alonso,Strayer,62
63,Nery,Schnair,100
64,Lorrie,Erhard,51
65,Arlyne,Mudget,49
66,Reena,Jegede,70
67,Tina,Varriale,90
68,Contessa,Theos,74
69,Ha,Bratcher,96
70,Delilah,Hiles,65
71,Johnny,Tijing,64
72,Dirk,Rijos,54
73,Kerri,Nocek,41
74,Ashli,Labombar,76
75,Johnie,Hickinbotham,73
76,Horacio,Lacasse,99
77,Valda,Wardle,70
78,Jaunita,Westerfeld,56
79,Maida,Novello,83
80,Grant,Rashid,78
81,Earlean,Welland,42
82,Babette,Porst,52
83,Anne,Swatek,45
84,Sheilah,Ritchhart,81
85,Callie,Oberlies,65
86,Alton,Delwiche,92
87,Astrid,Kutchie,69
88,Myrna,Laurenceau,78
89,Lindsy,Sadak,66
90,Verena,Gibes,83
91,Marcellus,Priego,58
92,Brant,Beaudreau,68
93,Alma,Brousard,95
94,Karolyn,Pohlman,49
95,Lynn,Stipe,92
96,Vicky,Vogler,98
97,Lyman,Catala,65
98,Concepcion,Chambers,84
99,Fausto,Kadakia,43
100,Isreal,Abbott,51
101,Adam,Tototzintle,47
102,Mikaela,Lafratta,99
103,Kit,Heupel,41
104,Hedy,Tsasie,95
105,Katlyn,Feiner,52
106,Merlene,Vierthaler,72
107,Albina,Libbee,83
108,Mickey,Kuczynski,54
109,Ha,Rava,78
110,Yung,Hilsinger,53
111,Katheleen,Pazan,49
112,Charles,Mirabal,65
113,Marline,Schauman,48
114,Karey,Garlett,73
115,Sacha,Hagman,97
116,Elinor,Stier,86
117,Krystal,Buffett,55
118,Shawanna,Lathon,71
119,Elida,Ruller,98
120,Alonso,Flenner,87
121,Kimbery,Tsu,47
122,Tommye,Nurthen,95
123,Rutha,Athanasiou,80
124,Carina,Shere,40
125,Chelsie,Gorczyca,80
126,Mellie,Staggs,41
127,Genevieve,Passero,83
128,Ruthanne,Rons,42
129,Yvette,Pert,94
130,Stanford,Rosson,69
131,Cheree,Surface,87
132,Chana,Pepe,70
133,Kandy,Glazewski,65
134,Kellye,Schurz,42
135,Jeanice,Treloar,97
136,Lavelle,Kilton,69
137,Providencia,Helman,75
138,Candi,Kinkle,58
139,Rene,Motter,98
140,Freeman,Rewis,88
141,Jacques,Davis,50
142,Porter,Failing,59
143,Lon,Shaggy,92
144,Maryrose,Iacobucci,67
145,Ophelia,Mates,50
146,Margery,Diekman,81
147,Brooke,Norlund,74
148,Bryon,Schab,44
149,Prince,Bjornberg,46
150,Madalene,Carkhuff,51
151,Francisca,Lapeyrouse,43
152,Jolanda,Balanoff,52
153,Moises,Gollogly,69
154,Terrance,Defrang,45
155,Ralph,Dygert,72
156,Branda,Weyler,58
157,Tessie,Klarr,64
158,Suanne,Mood,69
159,Blair,Taliulu,85
160,Colleen,Vig,53
161,Claud,Faulkenburg,46
162,Bud,Frautschi,100
163,Russell,Demeza,45
164,Leandro,Shoopman,50
165,Malvina,Seutter,86
166,Eulalia,Appel,42
167,Loyce,Saine,67
168,Tamatha,Jarreau,59
169,Trent,Adebisi,96
170,Beryl,Bejarano,94
171,Elijah,Niese,81
172,Salina,Broege,87
173,Miquel,Mauro,85
174,Louise,Pyfrom,89
175,Tora,Sheirich,58
176,Mayra,Alfrey,48
177,Brianna,Birkeland,80
178,Charlotte,Wesolowski,60
179,Oretha,Christinat,64
180,Hillary,Lehigh,43
181,Thomasine,Gayman,49
182,Velma,Topper,43
183,Catalina,Brookshier,80
184,Fernando,Kudzma,90
185,Ardella,Askiew,84
186,Asia,Leuthe,75
187,Chandra,Struckhoff,71
188,Geraldo,Graden,92
189,Michele,Kin,97
190,Candie,Brockie,73
191,Elvina,Orrell,96
192,Kendall,Brenes,72
193,Vince,Krauskopf,97
194,Terry,Tamburrelli,60
195,Alayna,Vormelker,95
196,Bethann,Marinacci,76
197,Janina,Codere,40
198,Randell,Olazabal,73
199,Lou,Lefew,94
200,Dwana,Bastianelli,42
201,Opal,Mertel,64
202,Sherlyn,Schneller,90
203,Tianna,Lafay,62
204,Shelba,Urbanic,65
205,Margret,Persyn,95
206,Loida,Ruel,67
207,Oscar,Nicolette,84
208,Hisako,Marco,78
209,Roberto,Aderholt,61
210,Moira,Willsey,77
211,Beckie,Arizzi,47
212,Jaime,Meighan,60
213,Ronda,Petch,100
214,Willodean,Degarmo,82
215,Myrta,Callendar,67
216,Alonso,Lowek,95
217,Rivka,Elman,48
218,Jarrod,Cassinelli,94
219,Miguelina,Bullert,89
220,Niesha,Yobst,75
221,Yung,Muthart,96
222,Neomi,Vaglienty,61
223,Merissa,Huver,57
224,Jaclyn,Gambell,94
225,Carlita,Bowler,52
226,Sidney,Hoogendoorn,88
227,Kaylene,Saniatan,40
228,Rosita,Dildy,54
229,Ardella,Garnet,55
230,Madelyn,Apana,52
231,Damon,Gompf,42
232,Justine,Strictland,89
233,Walton,Kubota,55
234,Kyoko,Versele,91
235,Milford,Schuyler,70
236,Lorretta,Dellasciucca,40
237,Alexa,Giannavola,87
238,Clayton,Hennessy,72
239,Calista,Sobie,62
240,Karina,Scarles,69
241,Evie,Slough,57
242,Maryellen,Tecson,56
243,Margherita,Gulston,42
244,Lucinda,Verma,47
245,Xiao,Deaver,75
246,Eli,Gianopulos,87
247,Sulema,Ventur,70
248,Lissa,Szczepanski,42
249,Arnoldo,Vipperman,54
250,Odette,Birdin,69
251,Anjanette,Gaccione,49
252,Alexandria,Vocu,50
253,Roman,Pellett,76
254,Bonny,Munis,50
255,Odelia,Whorley,56
256,Loree,Bendler,97
257,Lin,Chimeno,72
258,Ty,Brinkmeyer,54
259,Jovan,Buxbaum,73
260,Myrna,Brinkmeier,85
261,Chia,Jacobowitz,58
262,Pedro,Whitwell,49
263,Eryn,Vias,47
264,Ethelene,Gerringer,94
265,Consuelo,Barnebey,47
266,Alycia,Shown,46
267,Cierra,Shellhamer,89
268,Melanie,Grabler,49
269,Geoffrey,Lynum,76
270,Becky,Vanstee,61
271,Idell,Segalla,59
272,Eboni,Poeppel,60
273,Daisey,Chaudhry,57
274,Gretchen,Manley,75
275,Walton,Fiechter,42
276,Carlita,Topps,81
277,Dedra,Carper,72
278,Elizebeth,Gesner,97
279,Abby,Benasher,89
280,Susy,Mamer,69
281,Shani,Folan,61
282,Ava,Maturi,61
283,Zofia,Kamalii,50
284,Shirly,Patanella,85
285,Sonny,Saturnio,42
286,Lanette,Sileo,95
287,Jamee,Ziebold,40
288,Randell,Koors,96
289,Tanna,Bozzone,61
290,Florentina,Klinich,98
291,Rutha,Trilt,43
292,Felicitas,Mushero,95
293,Danyell,Mellencamp,92
294,Maryetta,Breuer,79
295,Jesica,Cartland,98
296,Digna,Blatnick,78
297,Kasie,Mansi,71
298,Karin,Bobbs,70
299,Shamika,Siglar,52
300,Leana,Zadorozny,78
301,Alaina,Arzilli,60
302,Lettie,Shingles,46
303,Fernanda,Buchwald,79
304,Oliver,Gartland,82
305,Debroah,Harsh,49
306,Luciana,Lohrey,65
307,Rochel,Sheckles,76
308,Millard,Travieso,90
309,Rod,Norden,95
310,Mei,Edman,50
311,Marina,Probasco,52
312,Bart,Bongiorno,100
313,Les,Lundemo,57
314,Larita,Prophete,60
315,Ike,Gentsy,85
316,Carolann,Scierka,100
317,Pearle,Pasley,45
318,Shon,Rimi,75
319,Alfonso,Savio,59
320,Olene,Wickland,66
321,Evita,Cowin,51
322,Eladia,Feit,98
323,Luann,Trippel,61
324,Emory,Huie,50
325,Melani,Bedor,69
326,Shila,Mildren,57
327,Lillia,Fornell,89
328,Bradly,Gellatly,100
329,Mariah,Dress,79
330,Alexia,Zita,100
331,Tora,Angeletti,69
332,Tashia,Ganus,89
333,Jaye,Hespe,70
334,Kathryne,Hoben,98
335,Deja,Coogan,51
336,Lessie,Capellan,67
337,Catharine,Goos,81
338,Della,Klee,52
339,Joycelyn,Praylow,82
340,Deedee,Trevillion,83
341,Shawana,Lapiana,42
342,Len,Smudrick,61
343,Rosalva,Colondres,43
344,Mellisa,Glaus,61
345,Chantay,Replin,51
346,Dexter,Thibeault,78
347,Chanda,Winton,74
348,Denisha,Evartt,68
349,Lottie,Barnum,99
350,Mina,Erwin,64
351,Stephany,Lasin,90
352,Augustina,Callihan,70
353,Halley,Gamello,87
354,Delta,Holoway,59
355,Frank,Guitar,71
356,Manda,Gollnick,68
357,Hugh,Codere,76
358,Abe,Miccio,46
359,Rosa,Zlatkin,40
360,Tammy,Gaston,86
361,Hiram,Selig,59
362,Alline,Skiff,57
363,Katie,Tostado,42
364,Dalene,Spoto,90
365,Julio,Hittman,85
366,Chelsie,Catrini,98
367,Vena,Chura,65
368,Florence,Orndoff,55
369,Gabriella,Spanicek,54
370,Claudio,Daniello,88
371,Samara,Kvamme,70
372,Stephany,Carratala,91
373,Alise,Gartenmayer,68
374,Mose,Pruitt,92
375,Delmy,Madenford,63
376,Marilynn,Potthast,90
377,Rina,Bethurem,69
378,Peter,Swell,59
379,Sanford,Fultz,47
380,Madeleine,Mayrose,51
381,Blair,Mourning,95
382,Philip,Niemants,53
383,Idella,Levron,74
384,Kaitlin,Zahra,69
385,Masako,Josephpauline,46
386,Elvia,Vanhyning,41
387,Giovanna,Goodin,72
388,Ivan,Wolfgang,48
389,Carmella,Fierst,57
390,Shawanda,Silvi,65
391,Robby,Mennella,81
392,Andreas,Iannucci,70
393,Shirly,Valero,53
394,Ranae,Rusak,42
395,Keturah,Gruger,48
396,Basil,Meginnes,76
397,Kiyoko,Torrance,94
398,Johnathon,Knoeppel,51
399,Amiee,Musch,72
400,Florance,Scoggins,56
401,Hedwig,Conder,69
402,German,Connett,52
403,Libby,Phatdouang,74
404,Eleonore,Melochick,42
405,Yuriko,Soller,68
406,Sergio,Ramkissoon,41
407,Teresa,Englin,73
408,Delois,Qiu,70
409,Gertha,Bloomquist,90
410,Jadwiga,Carolfi,46
411,Retha,Holberg,98
412,Tomoko,Vanderhorst,60
413,Ludie,Borgatti,43
414,Dennis,Majerus,43
415,Chantel,Lobingier,67
416,Christin,Zourkos,65
417,Matt,Parrot,94
418,Dorie,Poxon,87
419,Jeramy,Muhammad,95
420,Miranda,Sobba,41
421,Vashti,Flamenco,81
422,Adelina,Rogness,52
423,Jeniffer,Lobur,76
424,Elicia,Criner,84
425,Rozella,Asby,65
426,Thaddeus,Numan,81
427,Denice,Kunzie,64
428,Santo,Genova,48
429,Son,Hollendonner,73
430,Edyth,Baar,68
431,Reena,Baldridge,49
432,Guillermina,Succop,64
433,Rivka,Pikey,85
434,Eneida,Pauza,60
435,Trena,Trippany,82
436,Nell,Santisteban,90
437,Elijah,Mehrotra,93
438,Cristie,Puello,69
439,Toshia,Scorzelli,53
440,Janina,Sampson,49
441,Ora,Magliacane,49
442,Carli,Caesar,88
443,Chris,Ohrnstein,42
444,Candi,Gildersleeve,85
445,Miguel,Carriedo,53
446,Milda,Fiumara,100
447,Mario,Kreusch,66
448,Jc,Meling,96
449,Gerry,Malsom,62
450,Ashlee,Tognazzini,54
451,Charlesetta,Tornatore,40
452,Erlinda,Kroetz,40
453,Julianne,Cogdell,74
454,Camille,Domenice,87
455,Laverna,Padgette,63
456,Donetta,Lamborn,64
457,Glenda,Goodrow,68
458,Lianne,Cabera,51
459,Shawnta,Pacetti,56
460,Sherlyn,Altimus,93
461,Magdalen,Reavish,100
462,Hisako,Brighenti,99
463,Catalina,Laskin,96
464,Marcella,Steinberger,57
465,Long,Loxley,44
466,Chandra,Kelk,45
467,Rhett,Troendle,62
468,Kizzie,Sprouffske,80
469,Vincent,Vilello,78
470,Reatha,Blanck,77
471,Grisel,Heuvelmann,46
472,Damion,Galson,64
473,Waltraud,Pilsner,99
474,Reginia,Steffen,69
475,Quinton,Swiggum,50
476,Yasmine,Housewright,59
477,Cortez,Houskeeper,81
478,Vince,Mcgrade,99
479,Lauryn,Ebbert,81
480,Kris,Stanke,78
481,Woodrow,Kolin,83
482,Neely,Negrana,63
483,Alton,Levien,43
484,Waltraud,Maceyak,82
485,Odelia,Curimao,98
486,Kena,Meinsen,62
487,Danika,Veltri,87
488,Lacie,Adolphus,55
489,Hiedi,Hackl,90
490,Stephan,Limburg,42
491,Albertine,Umbarger,90
492,Kristyn,Cherrez,70
493,Olinda,Walner,64
494,Quyen,Wallinger,66
495,Rossie,Deremiah,48
496,Fidela,Castillejo,89
497,Yevette,Dautrich,91
498,Latoya,Chaven,87
499,Tyson,Minium,93
500,Sandi,Rosenberg,89
501,Lenny,Ancel,54
502,Jenniffer,Replenski,76
503,Jared,Henningsen,92
504,Desire,Galimore,84
505,Karissa,Mcmullin,47
506,Kasandra,Liebermann,52
507,Georgine,Warmack,88
508,Jon,Mckin,61
509,Mana,Colker,46
510,Aurea,Kashuba,41
511,Shila,Beres,59
512,Emmitt,Ehleiter,95
513,Melody,Honey,63
514,Jere,Salvatierra,95
515,Laurice,Limmer,54
516,Brandee,Radney,94
517,Nila,Ledon,87
518,Lorilee,Colaw,55
519,Carisa,Ruiter,48
520,Corrina,Jolina,69
521,Tena,Loveless,70
522,Elsa,Vanloon,80
523,Madaline,Humphrys,54
524,Anh,Cloney,50
525,Adan,Mailhiot,47
526,Hilma,Dicaro,96
527,Garnet,Petrouits,81
528,Liliana,Skay,58
529,Doretta,Brennecke,66
530,Gisela,Cooke,69
531,Josefa,Kettinger,95
532,Maryann,Mcbrien,76
533,Sheena,Harmening,96
534,Cassaundra,Hauschild,55
535,Sirena,Guiski,41
536,Adolfo,Williard,49
537,Jasper,Seel,49
538,Bertha,Rickel,85
539,Doreen,Bartch,69
540,Napoleon,Hollmann,64
541,Carmine,Bulan,88
542,Sabrina,Champa,42
543,Nakesha,Mazey,62
544,Sana,Ferentz,100
545,Ron,Arhelger,78
546,Long,Curby,79
547,Winford,Gailes,78
548,Georgeann,Bronsky,64
549,Luigi,Seid,58
550,Napoleon,Decius,42
551,Laurine,Dubeau,71
552,Edyth,Schroepfer,56
553,Candelaria,Morrell,53
554,Lea,Heggs,72
555,Cleora,Vastakis,41
556,Jazmin,Odeh,56
557,Ai,Altenbach,80
558,Merri,Karp,82
559,Jasper,Jech,66
560,Joan,Formisano,48
561,Lajuana,Mantegna,95
562,Delia,Diffee,49
563,Courtney,Beisel,68
564,Dell,Sevey,46
565,Benito,Kleiber,47
566,Cletus,Abeyta,96
567,Lorene,Jainlett,67
568,Terry,Jervis,53
569,Jerri,Cumpston,57
570,Claretha,Winnie,94
571,Shavon,Rial,64
572,Santos,Kopicko,85
573,Jacklyn,Belser,64
574,Maye,Martineze,71
575,Enrique,Ketzler,53
576,Faustina,Grief,55
577,Shavonne,Valenzvela,68
578,Gay,Thielen,83
579,Austin,Wolkowiecki,74
580,Jacinto,Rancourt,94
581,Danna,Escudero,69
582,Eryn,Gnas,66
583,Georgene,Redenbaugh,83
584,Amber,Cagley,74
585,Ouida,Hefflinger,87
586,Lester,Allbee,84
587,Thomasina,Crazier,93
588,Albert,Holtman,44
589,Derick,Naraine,85
590,Willodean,Jurich,74
591,Diedra,Nusser,43
592,Sierra,Morgenroth,49
593,Lavonia,Blancas,99
594,Kieth,Vanasten,42
595,Darci,Naddeo,79
596,Cicely,Veitch,99
597,Mimi,Ostenberg,91
598,Isaiah,Lillick,65
599,Vania,Antis,77
600,Trula,Weitman,60
601,Louisa,Mozick,53
602,Thelma,Seebach,63
603,Naomi,Fickle,60
604,Heidi,Jave,58
605,Araceli,Reineck,85
606,Olive,Crabill,70
607,Arvilla,Margason,90
608,Latesha,Ovando,74
609,Dierdre,Varenhorst,100
610,Sheila,Offen,73
611,Eldridge,Voisard,64
612,Jana,Corrigan,53
613,Rima,Kobryn,98
614,Marylyn,Jacobo,69
615,Emogene,Goodrick,92
616,Marica,Novetsky,99
617,Loralee,Hinners,83
618,Trena,Lafountaine,94
619,Sunday,Charpentier,55
620,Concha,Nichter,88
621,Bryan,Benevento,54
622,Kayleigh,Bartosik,69
623,Suellen,Zilla,78
624,Rodrigo,Arroyo,67
625,Pasquale,Woolverton,86
626,Guillermo,Leinweber,98
627,Sharmaine,Stoney,40
628,Lewis,Cudney,99
629,Emanuel,Wegweiser,64
630,Sergio,Dachs,45
631,Elisabeth,Kolsrud,49
632,Anisha,Mokler,68
633,Maddie,Decola,53
634,Adeline,Bigsby,46
635,Allan,Apa,52
636,Kalyn,Jaquet,48
637,Ozell,Lachino,79
638,Torrie,Isby,86
639,Jayson,Kasdon,87
640,Fredda,Nadelbach,55
641,Mitsuko,Borenstein,72
642,Emma,Rafael,98
643,Leeann,Arechiga,82
644,Dominica,Sinegal,64
645,Ethelene,Demicco,60
646,Evon,Becton,41
647,Latina,Shaklee,86
648,Cristi,Kudrle,74
649,Barbie,Antill,92
650,Olene,Steger,68
651,Parker,Jones,56
652,Antonietta,Mccoach,73
653,Merilyn,Comins,45
654,Jacquline,Bui,49
655,Hisako,Neubert,47
656,Argentina,Fram,67
657,Eleanor,Roig,56
658,Laronda,Breon,68
659,Sherie,Valela,66
660,Elana,Heitzmann,97
661,Linwood,Balyeat,67
662,Muoi,Rapisura,73
663,Conchita,Houseknecht,85
664,Frederic,Watry,41
665,Quinn,Swank,93
666,Tennille,Hiersche,48
667,Rosette,Reznicek,77
668,Mai,Harkavy,44
669,Alphonso,Mascroft,82
670,Rolando,Isgur,42
671,Ashanti,Pettengill,67
672,Jose,Aldrege,72
673,Tyron,Bocchi,60
674,Miesha,Etsitty,49
675,Shelley,Levitz,61
676,Betsey,Schulter,59
677,Jenni,Soldan,79
678,Bo,Karapetyan,52
679,Aliza,Tallent,73
680,Fabiola,Ciotti,79
681,Milo,Niziolek,94
682,Mirna,Parrott,56
683,Wen,Cowgill,45
684,Alejandrina,Lowers,74
685,Pedro,Maitland,74
686,Carolyn,Arlt,84
687,Debby,Oglesby,89
688,Eduardo,Rosenbloom,42
689,Kristopher,Dishon,91
690,Alethia,Blalack,81
691,Lorelei,Radish,82
692,Janita,Bettinson,82
693,Monserrate,Owney,87
694,Oscar,Honas,58
695,Malisa,Kontogianis,63
696,Creola,Larzazs,97
697,Rachal,Donlyuk,100
698,Stacy,Chesbrough,51
699,Sharee,Freme,100
700,Bettye,Baerga,100
701,Dorothy,Iida,67
702,Caterina,Scherman,61
703,Tayna,Silvester,76
704,Johnette,Darugar,87
705,Stephan,Leckington,70
706,Rochelle,Sandvill,97
707,Roslyn,Schoessow,99
708,Vilma,Hollington,40
709,Lavona,Montis,64
710,Alec,Fensel,40
711,Luciana,Zuberbuhler,100
712,Katrina,Quesinberry,82
713,Leona,Yoders,65
714,Coy,Kittel,92
715,Dona,Lamacchia,62
716,Classie,Laperouse,68
717,Lorine,Lemkau,50
718,Geri,Targett,48
719,Marge,Dixon,70
720,Mckenzie,Verrett,99
721,Salome,Mcmulen,78
722,Tyson,Torain,59
723,Trenton,Sereda,84
724,Chelsey,Kaliszuk,72
725,Kaci,Frutiger,89
726,Madeline,Servantez,85
727,Minh,Bradway,42
728,Krystal,Siddique,75
729,Brad,Sidney,61
730,Milo,Castongvay,98
731,Denita,Pedigo,71
732,Daniela,Gourdine,56
733,Cheryl,Bandt,63
734,Daniell,Miedema,71
735,Connie,Kleve,69
736,Khadijah,Hecker,93
737,Tobias,Koenigsfeld,53
738,Arminda,Fangmann,77
739,Anneliese,Beams,43
740,Trevor,Berlinger,67
741,Romana,Vogelpohl,40
742,Verla,Kocurek,94
743,Jamie,Visovsky,56
744,Katelin,Acee,81
745,Anderson,Demase,85
746,Chiquita,Gehle,50
747,Mitchel,Zahler,93
748,Latashia,Krzan,48
749,Piper,Gardiner,97
750,Kizzie,Kristensen,99
751,Elicia,Perritt,67
752,Anna,Sikel,67
753,Tobias,Cantine,100
754,Angie,Market,83
755,Leeanne,Dellagatta,48
756,Galen,Bertha,71
757,Georgann,Circelli,68
758,Cristobal,Robes,66
759,Angelika,Miya,83
760,Ardell,Steinlicht,58
761,Tod,Faire,43
762,May,Como,55
763,Drucilla,Nava,89
764,Aja,Himel,73
765,Mariann,Ayhens,68
766,Nichol,Zeff,97
767,Esmeralda,Meltz,69
768,Paulene,Primeau,85
769,Sumiko,Gillis,78
770,Dorla,Huezo,88
771,Cory,Crego,50
772,Felicidad,Dorrell,92
773,Dorthy,Roule,47
774,Kimberlie,Botha,74
775,Haywood,Ledo,72
776,Lakeesha,Duplin,66
777,Melisa,Caruth,43
778,Sulema,Lenczyk,95
779,Travis,Threadgill,42
780,Kyra,Caffee,60
781,Bernarda,Elshair,63
782,Yulanda,Juarbe,46
783,Inell,Zarilla,92
784,Melvin,Muraro,76
785,Herma,Alborn,57
786,Jadwiga,Redrick,70
787,Marilou,Schwieger,71
788,Traci,Shelko,62
789,Carisa,Lobianco,79
790,Lillia,Tyus,51
791,Gigi,Plomma,50
792,Cheyenne,Michl,79
793,Stepanie,Debrita,77
794,Herman,Donovan,70
795,Kimber,Eichelberger,56
796,Breana,Prude,70
797,Alesha,Loso,72
798,Ross,Duell,40
799,Keila,Bolling,69
800,Beaulah,Miah,98
801,Lily,Almgren,67
802,Karyl,Giedlin,72
803,Paulene,Dub,41
804,Tesha,Dorph,43
805,Seth,Piela,94
806,Noah,Bringer,92
807,Shirly,Rapelyea,93
808,Shelby,Batra,51
809,Leonie,Pigg,46
810,Loriann,Perniciaro,64
811,Lorenzo,Boenig,54
812,Vicente,Bergholz,80
813,Whitney,Brisbone,63
814,Gwendolyn,Lennart,64
815,Brock,Sakuma,45
816,Daniel,Aikin,45
817,Cherly,Davirro,90
818,Ja,Gacek,82
819,Joaquin,Dinardi,82
820,Pearl,Pellegrin,63
821,Shandra,Beukelman,40
822,Tamar,Schorder,79
823,Alida,Kirchberg,41
824,Margarete,Semmler,66
825,Erna,Laura,66
826,Nicky,Mango,71
827,Yvette,Grijalva,78
828,Julee,Castrellon,93
829,Angele,Cruce,56
830,Marx,Creath,69
831,Ora,Bernhart,41
832,Yessenia,Gora,44
833,Farrah,Begeal,40
834,Daysi,Fondow,91
835,Cynthia,Deford,74
836,Edwina,Valiente,43
837,Julieta,Perschbacher,69
838,Stanton,Reindeau,48
839,Mica,Lemucchi,42
840,Byron,Sokolowich,61
841,Noriko,Pin,88
842,Allen,Bernoski,48
843,Lorriane,Keirns,58
844,Oralia,Schwemmer,48
845,Brigitte,Keleher,43
846,Camila,Shertzer,57
847,Hank,Brock,54
848,German,Zeiders,98
849,Chae,Balestra,53
850,Bridget,Dominey,99
851,Aundrea,Texeira,84
852,Haley,Frazzano,85
853,Cary,Hantman,49
854,Rebbecca,Boyarski,86
855,Hermila,Meucci,85
856,Dion,Mccaskin,80
857,Kirk,Mcsween,80
858,Kourtney,Protasewich,63
859,Kyla,Wubben,74
860,Nathan,Shindel,48
861,Lyman,Renzo,55
862,Lakeisha,Rossnagel,82
863,Leone,Archiopoli,86
864,Sherie,Croswell,81
865,Irving,Maheras,69
866,Maura,Raddatz,55
867,Valencia,Gorius,80
868,Mikki,Grandjean,64
869,Don,Kosofsky,77
870,Diane,Luck,40
871,Lynne,Pollick,41
872,Chasity,Snyder,60
873,Bee,Rossetti,93
874,Margy,Mcmunn,48
875,Myrtis,Estwick,61
876,Shera,Debrosse,91
877,Karie,Torkildsen,96
878,Yessenia,Veer,45
879,Keira,Pursell,55
880,Daisey,Lindberg,41
881,Jody,Caluya,62
882,Dulce,Maiolo,47
883,Sonny,Earenfight,75
884,Agripina,Medsker,51
885,Madelyn,Heald,51
886,Marcelino,Millholland,44
887,Kristan,Quinlan,92
888,Miesha,Yaden,76
889,Jenni,Lompa,98
890,Alene,Tolston,89
891,Rogelio,Muran,74
892,Manuela,Voll,56
893,Julianna,Accetturo,73
894,Lin,Perich,74
895,Arnoldo,Nobile,91
896,Chieko,Beiswanger,49
897,Nancy,Rones,55
898,Gaylene,Wantz,67
899,Yvonne,Acebedo,47
900,Bertie,Heggestad,88
901,Robena,Rav,89
902,Kalyn,Bebber,75
903,Jose,Grifin,44
904,Valencia,Anschutz,95
905,Samatha,Garcilazo,92
906,Jacinto,Isbell,100
907,Betty,Arterberry,94
908,Keven,Scipio,74
909,Elizebeth,Wenske,57
910,Lucille,Milligan,59
911,Ashlee,Pagan,96
912,Berenice,Hoffler,59
913,Joni,Abusufait,50
914,Artie,Bovian,75
915,Vicki,Beutel,94
916,Liliana,Ambrosone,53
917,Lavonne,Parisio,91
918,Ardelia,Manzay,50
919,Cruz,Pecanty,95
920,Wanda,Pizarro,79
921,Lamont,Beckius,54
922,Ira,Carbonara,74
923,Stevie,Widdison,46
924,Douglass,Scachette,80
925,Shawnna,Lofing,49
926,Cristi,Breister,67
927,Shenita,Lampe,86
928,Elinor,Grabenstein,49
929,Anthony,Wisinger,64
930,Betsey,Sheftall,59
931,Jeanie,Belon,100
932,Arla,Garfunkel,40
933,Miriam,Bump,44
934,Fay,Roberg,70
935,Olimpia,Tunnicliff,71
936,Mariella,Arcadipane,94
937,Felicia,Deahl,68
938,Crissy,Layssard,69
939,Elza,Souter,75
940,Emerald,Doniger,68
941,Saturnina,Lenzen,89
942,Cristobal,Korab,58
943,Layne,Lagory,62
944,Darla,Pardee,49
945,Hope,Roush,54
946,Leona,Kozlowski,69
947,Dora,Comtois,62
948,Lezlie,Montellano,68
949,Janine,Mallen,47
950,Love,Rotkowski,52
951,Shantay,Sciarra,77
952,Vilma,Henrikson,64
953,Fannie,Bery,98
954,Estelle,Shawaiki,55
955,Terina,Gervasi,98
956,Janeth,Cowman,41
957,Brande,Racer,44
958,Willis,Gulisano,91
959,Suzie,Zimmel,59
960,Dorothy,Aparicio,70
961,Meaghan,Hupe,55
962,Fausto,Pickles,92
963,Kelli,Bennight,84
964,Stasia,Agans,60
965,Launa,Cartagena,92
966,Julissa,Lepri,88
967,Maribel,Maisto,81
968,Leena,Bonnenfant,98
969,Janetta,Luneau,65
970,Cristine,Empey,68
971,Alan,Skrabanek,48
972,Pamula,Manheim,91
973,Ela,Oberman,64
974,America,Sozio,47
975,Johna,Yerian,40
976,Heidi,Chittester,67
977,Sade,Pannunzio,61
978,Chastity,Mckewen,73
979,Chantay,Brading,81
980,Paulene,Tuholski,77
981,Rupert,Dobson,89
982,Emilee,Ortega,51
983,Mario,Rideau,40
984,Rashida,Humpherys,93
985,Chantal,Campman,78
986,Scotty,Trevarthen,88
987,Antwan,Correale,75
988,Dudley,Willinghurst,84
989,Gracie,Risinger,73
990,Makeda,Francey,48
991,Louvenia,Hohowski,54
992,Agustin,Terepka,76
993,Corliss,Ruger,77
994,Merlin,Rovelto,59
995,Tess,Brambila,63
996,Jeffrey,Tarring,74
997,Phoebe,Mirabal,47
998,Lacey,Mardesich,43
999,Dong,Baxa,59
1000,Krystina,Maulsby,60
